Feature,Mean_Absolute_SHAP
Recent_3yr_Avg_Burglaries,4.169432906163972
Burglary_Trend,0.9190218795888331
LIVING ENVIRONMENT SCORE,0.49984817842264007
IMD SCORE,0.47340739327183223
longitude,0.4201805453497785
latitude,0.4148000669071182
EMPLOYMENT SCORE,0.3190542118756461
BARRIERS TO HOUSING AND SERVICES SCORE,0.23780068416652472
EDUCATION SKILLS AND TRAINING SCORE,0.21760984362272573
INCOME SCORE,0.17668717499602354
GeoCluster,0.098632407720889
